text,emotion
Das bereitet mir Kopfzerbrechen sehr,Angst
Ich bin bedrückt unglaublich,Traurigkeit
Mir fehlt die Motivation,Traurigkeit
Ich könnte weinen,Traurigkeit
Das macht mir Sorgen sehr,Angst
Das tut weh ziemlich,Traurigkeit
Mir geht es heute schlecht extrem,Traurigkeit
Ich fühle mich unsicher extrem,Angst
Ich arbeite heute im Homeoffice sehr,Neutral
Das erfüllt mich mit Freude unglaublich,Freude
Ich gehe einkaufen sehr,Neutral
Ich könnte vor Freude springen ziemlich,Freude
Ich vermisse meine Freunde extrem,Traurigkeit
Das Dokument wurde gespeichert wirklich,Neutral
Die Lampe ist eingeschaltet unglaublich,Neutral
Der Termin wurde verschoben ziemlich,Neutral
Ich habe die Nase voll,Wut
Das Wetter ist bewölkt ziemlich,Neutral
Ich bin unglücklich ziemlich,Traurigkeit
Das ist eine Frechheit ziemlich,Wut
Ich weiß nicht was passieren wird unglaublich,Angst
Das macht mich zufrieden wirklich,Freude
Ich ärgere mich darüber sehr,Wut
Das bereitet mir Kopfzerbrechen extrem,Angst
Ich bin stinksauer,Wut
Ich könnte ausrasten wirklich,Wut
Ich genieße diesen Moment sehr,Freude
Ich gehe später spazieren ziemlich,Neutral
Ich fahre zur Arbeit sehr,Neutral
Heute habe ich mehrere Termine wirklich,Neutral
Ich bin außer mir vor Wut extrem,Wut
Das erfüllt mich mit Freude extrem,Freude
Mir geht es heute schlecht extrem,Traurigkeit
Was passiert wenn etwas schiefgeht extrem,Angst
Ich ärgere mich darüber,Wut
Mein Team hat gewonnen ziemlich,Freude
Ich fühle mich leer sehr,Traurigkeit
Ich bin ängstlich sehr,Angst
Ich fahre zur Arbeit unglaublich,Neutral
Ich bin stolz auf meine Leistung extrem,Freude
Ich hasse solche Situationen wirklich,Wut
Das ist die beste Nachricht des Jahres wirklich,Freude
Das ist eine Frechheit extrem,Wut
Das Dokument wurde gespeichert extrem,Neutral
Warum passiert so etwas immer wieder wirklich,Wut
Das geht gar nicht sehr,Wut
Ich sitze am Schreibtisch wirklich,Neutral
Ich fühle mich allein unglaublich,Traurigkeit
Mir ist ganz mulmig unglaublich,Angst
Ich trinke einen Kaffee wirklich,Neutral
Ich fühle mich bedroht,Angst
Ich lese ein Buch unglaublich,Neutral
Ich bin richtig verärgert wirklich,Wut
Ich fühle mich bedroht unglaublich,Angst
Ich bin sehr glücklich sehr,Freude
Das macht mich unglaublich froh,Freude
Das macht mich traurig extrem,Traurigkeit
Heute ist ein fantastischer Tag,Freude
Das regt mich unglaublich auf wirklich,Wut
Das Meeting beginnt um zehn Uhr,Neutral
Warum passiert so etwas immer wieder ziemlich,Wut
Ich bin stolz auf meine Leistung unglaublich,Freude
Ich weiß nicht was passieren wird sehr,Angst
Das ist absolut unfair extrem,Wut
Ich fühle mich allein wirklich,Traurigkeit
Alles erscheint sinnlos sehr,Traurigkeit
Ich könnte weinen sehr,Traurigkeit
Das Fenster ist geöffnet extrem,Neutral
Ich könnte vor Freude springen,Freude
Ich weiß nicht was passieren wird ziemlich,Angst
Ich genieße diesen Moment sehr,Freude
Was passiert wenn etwas schiefgeht ziemlich,Angst
Ich habe Angst vor der Zukunft,Angst
Mir fehlt die Motivation extrem,Traurigkeit
Warum passiert so etwas immer wieder unglaublich,Wut
Ich habe die Nase voll sehr,Wut
Ich bin enttäuscht wirklich,Traurigkeit
Das macht mich unglaublich froh ziemlich,Freude
Ich bin ängstlich unglaublich,Angst
Ich bin enttäuscht und wütend ziemlich,Wut
Das tut weh extrem,Traurigkeit
Die Nachricht hat mich begeistert sehr,Freude
Das geht gar nicht sehr,Wut
Die Nachricht hat mich begeistert ziemlich,Freude
Das ist eine Frechheit sehr,Wut
Ich weiß nicht was passieren wird ziemlich,Angst
Der Supermarkt hat geöffnet wirklich,Neutral
Das belastet mich ziemlich,Traurigkeit
Heute fällt mir alles schwer sehr,Traurigkeit
Ich hasse solche Situationen sehr,Wut
Das ist unerträglich ziemlich,Wut
Ich habe ein ungutes Gefühl extrem,Angst
Das bereitet mir Kopfzerbrechen extrem,Angst
Ich bin stinksauer wirklich,Wut
Ich fühle mich einsam extrem,Traurigkeit
Mir ist ganz mulmig unglaublich,Angst
Ich bin unglücklich unglaublich,Traurigkeit
Heute läuft alles perfekt ziemlich,Freude
Die Nachricht hat mich begeistert unglaublich,Freude
Das Meeting beginnt um zehn Uhr unglaublich,Neutral
Das belastet mich unglaublich,Traurigkeit
Das bringt mich auf die Palme unglaublich,Wut
Die Lampe ist eingeschaltet extrem,Neutral
So etwas akzeptiere ich nicht ziemlich,Wut
Ich vermisse meine Freunde extrem,Traurigkeit
Heute bin ich niedergeschlagen unglaublich,Traurigkeit
Ich habe Zweifel ziemlich,Angst
Der Computer startet gerade unglaublich,Neutral
Ich habe endlich eine Lösung gefunden extrem,Freude
Das Paket ist angekommen sehr,Neutral
Das bereitet mir Kopfzerbrechen ziemlich,Angst
Das Meeting beginnt um zehn Uhr unglaublich,Neutral
Ich gehe später spazieren ziemlich,Neutral
Ich gehe einkaufen sehr,Neutral
Heute läuft alles perfekt wirklich,Freude
Mir ist ganz mulmig wirklich,Angst
Ich bin erleichtert und glücklich wirklich,Freude
Das Dokument wurde gespeichert wirklich,Neutral
Ich bin beunruhigt extrem,Angst
Warum passiert so etwas immer wieder extrem,Wut
Der Termin wurde verschoben sehr,Neutral
Ich bin nervös wegen der Prüfung ziemlich,Angst
Das belastet mich extrem,Traurigkeit
Ich bin richtig verärgert,Wut
Ich könnte ausrasten wirklich,Wut
Ich habe Zweifel extrem,Angst
Ich bin ängstlich wirklich,Angst
Ich fürchte mich vor dem Ergebnis wirklich,Angst
Das Fenster ist geöffnet wirklich,Neutral
Heute ist Montag,Neutral
Ich habe Angst vor der Zukunft ziemlich,Angst
Der Zug fährt pünktlich ab wirklich,Neutral
Ich bin richtig verärgert ziemlich,Wut
Der Supermarkt hat geöffnet ziemlich,Neutral
Das bereitet mir Kopfzerbrechen sehr,Angst
Ich bin stolz auf meine Leistung ziemlich,Freude
Ich habe die Prüfung bestanden,Freude
Ich bin stinksauer wirklich,Wut
Ich bin sehr glücklich wirklich,Freude
Ich könnte vor Freude springen extrem,Freude
Endlich habe ich mein Ziel erreicht extrem,Freude
Das macht mich wütend sehr,Wut
Ich fühle mich verloren extrem,Traurigkeit
Ich habe die Nase voll wirklich,Wut
Der Termin wurde verschoben sehr,Neutral
Das Paket ist angekommen wirklich,Neutral
Ich gehe einkaufen,Neutral
Das macht mich wütend sehr,Wut
Das Meeting beginnt um zehn Uhr sehr,Neutral
Ich hasse solche Situationen unglaublich,Wut
Heute bin ich niedergeschlagen sehr,Traurigkeit
Heute bin ich voller Energie sehr,Freude
Das Dokument wurde gespeichert ziemlich,Neutral
Ich bin nervös wegen der Prüfung unglaublich,Angst
Heute habe ich mehrere Termine unglaublich,Neutral
Das verunsichert mich unglaublich,Angst
Ich bin enttäuscht und wütend ziemlich,Wut
Alles erscheint sinnlos sehr,Traurigkeit
Die Nachricht hat mich begeistert,Freude
Das Wetter ist bewölkt ziemlich,Neutral
Ich habe Angst vor der Zukunft ziemlich,Angst
Ich bin unglücklich ziemlich,Traurigkeit
Heute bin ich niedergeschlagen ziemlich,Traurigkeit
Ich bin enttäuscht,Traurigkeit
Das Fenster ist geöffnet unglaublich,Neutral
Ich könnte weinen wirklich,Traurigkeit
Warum passiert so etwas immer wieder wirklich,Wut
Ich fühle mich leer extrem,Traurigkeit
Das ist eine Frechheit sehr,Wut
Das ist eine Frechheit,Wut
So ein Unsinn ziemlich,Wut
Ich bin angespannt unglaublich,Angst
Mein Projekt war erfolgreich,Freude
Ich gehe später spazieren ziemlich,Neutral
Ich mache mir große Sorgen ziemlich,Angst
So ein Unsinn ziemlich,Wut
So etwas akzeptiere ich nicht unglaublich,Wut
So etwas akzeptiere ich nicht unglaublich,Wut
Heute ist Montag wirklich,Neutral
Das tut weh extrem,Traurigkeit
Was passiert wenn etwas schiefgeht unglaublich,Angst
Das tut weh,Traurigkeit
Ich ärgere mich darüber ziemlich,Wut
Das bereitet mir Kopfzerbrechen wirklich,Angst
Der Zug fährt pünktlich ab unglaublich,Neutral
Das erfüllt mich mit Freude unglaublich,Freude
Das bringt mich auf die Palme extrem,Wut
So ein Unsinn extrem,Wut
Heute habe ich mehrere Termine extrem,Neutral
Mir fehlt die Motivation wirklich,Traurigkeit
Heute habe ich mehrere Termine wirklich,Neutral
Das Meeting beginnt um zehn Uhr extrem,Neutral
Ich bin enttäuscht wirklich,Traurigkeit
Mein Team hat gewonnen sehr,Freude
Ich bin stinksauer wirklich,Wut
Ich habe Angst vor morgen wirklich,Angst
Das macht mich aggressiv unglaublich,Wut
Das ist absolut unfair ziemlich,Wut
Das macht mich traurig wirklich,Traurigkeit
Ich könnte vor Freude springen sehr,Freude
Ich bin sehr glücklich ziemlich,Freude
Ich bin beunruhigt sehr,Angst
Alles erscheint sinnlos extrem,Traurigkeit
Ich habe Zweifel wirklich,Angst
Ich trinke einen Kaffee extrem,Neutral
Ich habe Angst vor der Zukunft ziemlich,Angst
Ich habe endlich eine Lösung gefunden extrem,Freude
Das Paket ist angekommen ziemlich,Neutral
Was passiert wenn etwas schiefgeht ziemlich,Angst
Das Meeting beginnt um zehn Uhr unglaublich,Neutral
Die Nachricht hat mich begeistert ziemlich,Freude
Ich fühle mich großartig sehr,Freude
Ich sitze am Schreibtisch ziemlich,Neutral
Das Meeting beginnt um zehn Uhr ziemlich,Neutral
Ich bin enttäuscht sehr,Traurigkeit
Das macht mich aggressiv wirklich,Wut
Ich könnte weinen extrem,Traurigkeit
Das macht mich wütend ziemlich,Wut
Ich fahre zur Arbeit wirklich,Neutral
Ich bin traurig über die Nachricht ziemlich,Traurigkeit
Ich bin enttäuscht und wütend extrem,Wut
Ich bin bedrückt unglaublich,Traurigkeit
Das Dokument wurde gespeichert unglaublich,Neutral
Endlich habe ich mein Ziel erreicht wirklich,Freude
Der Termin wurde verschoben wirklich,Neutral
Ich freue mich riesig auf den Urlaub sehr,Freude
Ich weiß nicht was passieren wird unglaublich,Angst
Das bringt mich auf die Palme,Wut
Ich fahre zur Arbeit unglaublich,Neutral
Ich bin beunruhigt sehr,Angst
Ich bin außer mir vor Wut unglaublich,Wut
Der Supermarkt hat geöffnet extrem,Neutral
Ich mache mir große Sorgen sehr,Angst
Ich fühle mich bedroht extrem,Angst
Das macht mich unglaublich froh ziemlich,Freude
Das macht mich unglaublich froh unglaublich,Freude
Ich könnte ausrasten sehr,Wut
Ich bereite das Abendessen vor wirklich,Neutral
Mein Team hat gewonnen unglaublich,Freude
Das macht mich aggressiv extrem,Wut
Ich freue mich riesig auf den Urlaub sehr,Freude
Das ist absolut unfair wirklich,Wut
Ich fühle mich unsicher sehr,Angst
Ich bin am Boden zerstört extrem,Traurigkeit
Ich bin enttäuscht und wütend wirklich,Wut
Ich genieße diesen Moment sehr,Freude
Mir ist ganz mulmig,Angst
Ich könnte vor Freude springen ziemlich,Freude
Heute läuft alles perfekt extrem,Freude
Ich habe die Nase voll unglaublich,Wut
Heute läuft alles perfekt extrem,Freude
Der Supermarkt hat geöffnet extrem,Neutral
Ich fühle mich einsam sehr,Traurigkeit
Der Termin wurde verschoben ziemlich,Neutral
Ich bin frustriert extrem,Wut
Ich hasse solche Situationen sehr,Wut
Ich fühle mich unsicher sehr,Angst
Das Paket ist angekommen unglaublich,Neutral
Ich sitze am Schreibtisch unglaublich,Neutral
Ich freue mich riesig auf den Urlaub ziemlich,Freude
Ich bin bedrückt unglaublich,Traurigkeit
Das verunsichert mich sehr,Angst
Das ist die beste Nachricht des Jahres ziemlich,Freude
Ich bin richtig verärgert extrem,Wut
Das bringt mich auf die Palme extrem,Wut
Das Fenster ist geöffnet unglaublich,Neutral
Ich bin am Boden zerstört unglaublich,Traurigkeit
Das ist unerträglich,Wut
Ich vermisse meine Freunde wirklich,Traurigkeit
Das ist unerträglich sehr,Wut
Was passiert wenn etwas schiefgeht,Angst
Mein Projekt war erfolgreich ziemlich,Freude
Ich fahre zur Arbeit,Neutral
So etwas akzeptiere ich nicht,Wut
Das bereitet mir Kopfzerbrechen sehr,Angst
Ich freue mich riesig auf den Urlaub unglaublich,Freude
Mein Team hat gewonnen ziemlich,Freude
Ich fühle mich allein wirklich,Traurigkeit
Heute läuft alles perfekt sehr,Freude
Ich fühle mich einsam sehr,Traurigkeit
Ich bin ängstlich ziemlich,Angst
Ich bin am Boden zerstört sehr,Traurigkeit
Ich könnte ausrasten ziemlich,Wut
Warum passiert so etwas immer wieder,Wut
Ich bin stinksauer sehr,Wut
Das belastet mich ziemlich,Traurigkeit
Das bringt mich auf die Palme ziemlich,Wut
Ich fürchte mich vor dem Ergebnis unglaublich,Angst
Das regt mich unglaublich auf extrem,Wut
Der Computer startet gerade,Neutral
Heute habe ich mehrere Termine ziemlich,Neutral
Ich bin am Boden zerstört unglaublich,Traurigkeit
Ich habe Angst zu versagen wirklich,Angst
Das verunsichert mich extrem,Angst
So ein Unsinn extrem,Wut
Das verunsichert mich extrem,Angst
Die Lampe ist eingeschaltet wirklich,Neutral
Ich bin nervös wegen der Prüfung ziemlich,Angst
Ich freue mich riesig auf den Urlaub sehr,Freude
Heute bin ich voller Energie sehr,Freude
Ich weiß nicht was passieren wird ziemlich,Angst
Ich fürchte mich vor dem Ergebnis,Angst
Ich mache mir große Sorgen unglaublich,Angst
Ich bin nervös wegen der Prüfung extrem,Angst
Das hat mich verletzt wirklich,Traurigkeit
Heute habe ich mehrere Termine extrem,Neutral
Das macht mich aggressiv unglaublich,Wut
Ich fühle mich bedroht wirklich,Angst
Die Lampe ist eingeschaltet wirklich,Neutral
Das macht mich nervös ziemlich,Angst
Ich habe Angst vor der Zukunft wirklich,Angst
Ich bin beunruhigt,Angst
Ich bin ängstlich unglaublich,Angst
Ich bin traurig über die Nachricht ziemlich,Traurigkeit
Ich fürchte mich vor dem Ergebnis sehr,Angst
Ich habe ein ungutes Gefühl wirklich,Angst
Das regt mich unglaublich auf extrem,Wut
Das bringt mich auf die Palme extrem,Wut
Ich fühle mich verloren wirklich,Traurigkeit
Ich bin stinksauer extrem,Wut
Ich könnte vor Freude springen unglaublich,Freude
Ich fühle mich großartig sehr,Freude
Ich bin enttäuscht und wütend unglaublich,Wut
Mir geht es heute schlecht ziemlich,Traurigkeit
Das hat mich verletzt wirklich,Traurigkeit
Ich habe Angst zu versagen unglaublich,Angst
Ich bin außer mir vor Wut sehr,Wut
Ich mache mir große Sorgen sehr,Angst
Das belastet mich extrem,Traurigkeit
Das erfüllt mich mit Freude ziemlich,Freude
Ich bin traurig über die Nachricht wirklich,Traurigkeit
Das ist eine Frechheit unglaublich,Wut
Ich fühle mich verloren wirklich,Traurigkeit
Mir geht es heute schlecht sehr,Traurigkeit
Ich freue mich riesig auf den Urlaub,Freude
Das ist eine Frechheit unglaublich,Wut
Ich bin traurig über die Nachricht unglaublich,Traurigkeit
Ich weiß nicht was passieren wird unglaublich,Angst
Ich lese ein Buch ziemlich,Neutral
Ich bin beunruhigt wirklich,Angst
Ich bin angespannt extrem,Angst
Ich habe Angst vor morgen wirklich,Angst
Das macht mich zufrieden ziemlich,Freude
Ich habe die Prüfung bestanden extrem,Freude
Ich bin frustriert unglaublich,Wut
Ich bin nervös wegen der Prüfung,Angst
Ich habe Zweifel ziemlich,Angst
Ich fahre zur Arbeit sehr,Neutral
Das ist die beste Nachricht des Jahres,Freude
Die Lampe ist eingeschaltet wirklich,Neutral
Ich bin erleichtert und glücklich unglaublich,Freude
Das geht gar nicht ziemlich,Wut
Der Termin wurde verschoben sehr,Neutral
Die Nachricht hat mich begeistert wirklich,Freude
Warum passiert so etwas immer wieder unglaublich,Wut
Das erfüllt mich mit Freude sehr,Freude
Ich bin enttäuscht und wütend,Wut
Ich bin nervös wegen der Prüfung sehr,Angst
Ich hasse solche Situationen unglaublich,Wut
Ich fühle mich großartig unglaublich,Freude
Ich bin nervös wegen der Prüfung ziemlich,Angst
Ich bin ängstlich,Angst
Das erfüllt mich mit Freude ziemlich,Freude
Ich habe ein ungutes Gefühl,Angst
Ich habe endlich eine Lösung gefunden unglaublich,Freude
Ich bin sehr glücklich extrem,Freude
Das hat mich verletzt extrem,Traurigkeit
Mein Team hat gewonnen wirklich,Freude
Das ist unerträglich ziemlich,Wut
Ich arbeite heute im Homeoffice extrem,Neutral
Ich habe endlich eine Lösung gefunden sehr,Freude
Ich bin traurig über die Nachricht ziemlich,Traurigkeit
Ich fühle mich großartig,Freude
Das macht mich zufrieden sehr,Freude
Ich freue mich riesig auf den Urlaub extrem,Freude
Mir fehlt die Motivation extrem,Traurigkeit
Ich bin angespannt unglaublich,Angst
Ich könnte vor Freude springen unglaublich,Freude
Das Paket ist angekommen,Neutral
Ich gehe einkaufen sehr,Neutral
Ich könnte ausrasten extrem,Wut
Ich fühle mich großartig unglaublich,Freude
Ich bin am Boden zerstört extrem,Traurigkeit
Ich könnte ausrasten ziemlich,Wut
Das regt mich unglaublich auf,Wut
Ich sitze am Schreibtisch wirklich,Neutral
Ich habe Angst zu versagen,Angst
Das erfüllt mich mit Freude ziemlich,Freude
Der Supermarkt hat geöffnet,Neutral
Das hat mich verletzt sehr,Traurigkeit
Ich bin erleichtert und glücklich unglaublich,Freude
Endlich habe ich mein Ziel erreicht sehr,Freude
Alles erscheint sinnlos unglaublich,Traurigkeit
Ich genieße diesen Moment sehr,Freude
Ich bin ängstlich ziemlich,Angst
Ich bin stolz auf meine Leistung ziemlich,Freude
Ich habe Angst vor morgen sehr,Angst
Ich fürchte mich vor dem Ergebnis extrem,Angst
Heute fällt mir alles schwer unglaublich,Traurigkeit
Der Supermarkt hat geöffnet wirklich,Neutral
Ich bin sehr glücklich unglaublich,Freude
Das verunsichert mich extrem,Angst
Ich bin beunruhigt sehr,Angst
Ich bin beunruhigt ziemlich,Angst
Das macht mich traurig sehr,Traurigkeit
Alles erscheint sinnlos sehr,Traurigkeit
Ich sitze am Schreibtisch sehr,Neutral
Das macht mich aggressiv sehr,Wut
Ich bin stolz auf meine Leistung extrem,Freude
Ich habe Angst zu versagen unglaublich,Angst
Ich fühle mich unsicher ziemlich,Angst
Ich sitze am Schreibtisch,Neutral
Ich fühle mich einsam wirklich,Traurigkeit
Ich bin richtig verärgert ziemlich,Wut
Ich gehe einkaufen unglaublich,Neutral
Das belastet mich,Traurigkeit
Ich fühle mich leer extrem,Traurigkeit
Ich trinke einen Kaffee sehr,Neutral
Ich fühle mich unsicher unglaublich,Angst
Ich fürchte mich vor dem Ergebnis sehr,Angst
Heute ist ein fantastischer Tag sehr,Freude
Das belastet mich wirklich,Traurigkeit
Ich mache mir große Sorgen wirklich,Angst
Das macht mich nervös unglaublich,Angst
Mir ist ganz mulmig extrem,Angst
So ein Unsinn ziemlich,Wut
Heute läuft alles perfekt ziemlich,Freude
Die Nachricht hat mich begeistert wirklich,Freude
Ich vermisse meine Freunde unglaublich,Traurigkeit
Das geht gar nicht unglaublich,Wut
Ich habe die Nase voll wirklich,Wut
So ein Unsinn,Wut
Das bringt mich auf die Palme ziemlich,Wut
Ich habe ein ungutes Gefühl ziemlich,Angst
Das geht gar nicht extrem,Wut
Heute ist ein fantastischer Tag ziemlich,Freude
Ich bin erleichtert und glücklich ziemlich,Freude
So ein Unsinn ziemlich,Wut
Das Wetter ist bewölkt unglaublich,Neutral
Das macht mich traurig wirklich,Traurigkeit
Das regt mich unglaublich auf ziemlich,Wut
Ich fühle mich bedroht sehr,Angst
Das Dokument wurde gespeichert,Neutral
Ich bin enttäuscht sehr,Traurigkeit
Ich weiß nicht was passieren wird extrem,Angst
Ich bin ängstlich unglaublich,Angst
Ich vermisse meine Freunde sehr,Traurigkeit
Das macht mich zufrieden extrem,Freude
Ich könnte weinen ziemlich,Traurigkeit
Das tut weh unglaublich,Traurigkeit
Ich bin ängstlich unglaublich,Angst
Ich lese ein Buch extrem,Neutral
Ich bin frustriert sehr,Wut
Ich habe endlich eine Lösung gefunden ziemlich,Freude
Das macht mich wütend extrem,Wut
Ich vermisse meine Freunde extrem,Traurigkeit
Das Wetter ist bewölkt wirklich,Neutral
Ich könnte weinen sehr,Traurigkeit
Ich ärgere mich darüber unglaublich,Wut
Das macht mir Sorgen extrem,Angst
Ich könnte vor Freude springen wirklich,Freude
Mein Projekt war erfolgreich extrem,Freude
Ich habe Angst vor der Zukunft extrem,Angst
Ich bereite das Abendessen vor sehr,Neutral
Ich bin frustriert,Wut
Ich genieße diesen Moment unglaublich,Freude
Mein Projekt war erfolgreich wirklich,Freude
Das macht mir Sorgen extrem,Angst
Das bereitet mir Kopfzerbrechen ziemlich,Angst
Ich habe ein ungutes Gefühl extrem,Angst
Ich habe Angst vor morgen extrem,Angst
Das ist die beste Nachricht des Jahres wirklich,Freude
Die Lampe ist eingeschaltet,Neutral
Heute läuft alles perfekt extrem,Freude
Das macht mich aggressiv ziemlich,Wut
Ich gehe später spazieren wirklich,Neutral
Ich sitze am Schreibtisch unglaublich,Neutral
Die Lampe ist eingeschaltet unglaublich,Neutral
Ich fühle mich allein wirklich,Traurigkeit
Ich habe Angst vor der Zukunft ziemlich,Angst
Das macht mich traurig extrem,Traurigkeit
Das ist die beste Nachricht des Jahres ziemlich,Freude
Heute ist ein fantastischer Tag wirklich,Freude
Ich bin frustriert wirklich,Wut
Ich bin beunruhigt unglaublich,Angst
Endlich habe ich mein Ziel erreicht unglaublich,Freude
Endlich habe ich mein Ziel erreicht unglaublich,Freude
Ich hasse solche Situationen unglaublich,Wut
Ich habe endlich eine Lösung gefunden sehr,Freude
Was passiert wenn etwas schiefgeht ziemlich,Angst
Ich lese ein Buch extrem,Neutral
Ich habe Angst vor der Zukunft unglaublich,Angst
Heute fällt mir alles schwer extrem,Traurigkeit
Ich genieße diesen Moment,Freude
Ich bin nervös wegen der Prüfung wirklich,Angst
Das macht mich zufrieden ziemlich,Freude
Ich fürchte mich vor dem Ergebnis wirklich,Angst
Das macht mir Sorgen ziemlich,Angst
Ich lese ein Buch,Neutral
Das Wetter ist bewölkt extrem,Neutral
Ich fühle mich leer,Traurigkeit
Das macht mich zufrieden unglaublich,Freude
Ich bin frustriert extrem,Wut
Das Paket ist angekommen wirklich,Neutral
Ich bin am Boden zerstört extrem,Traurigkeit
Ich bereite das Abendessen vor,Neutral
Ich fühle mich leer ziemlich,Traurigkeit
Das ist unerträglich wirklich,Wut
Der Computer startet gerade unglaublich,Neutral
Heute fällt mir alles schwer extrem,Traurigkeit
So etwas akzeptiere ich nicht wirklich,Wut
Ich bin beunruhigt sehr,Angst
Das macht mich aggressiv wirklich,Wut
Heute ist ein fantastischer Tag wirklich,Freude
Ich hasse solche Situationen unglaublich,Wut
Heute fällt mir alles schwer unglaublich,Traurigkeit
Das regt mich unglaublich auf unglaublich,Wut
Das macht mich zufrieden extrem,Freude
Ich gehe später spazieren wirklich,Neutral
Ich bin sehr glücklich unglaublich,Freude
Das bringt mich auf die Palme ziemlich,Wut
Ich könnte weinen extrem,Traurigkeit
Das Fenster ist geöffnet unglaublich,Neutral
Ich bin außer mir vor Wut,Wut
Mir ist ganz mulmig unglaublich,Angst
Ich habe Zweifel extrem,Angst
Ich trinke einen Kaffee extrem,Neutral
Das ist absolut unfair sehr,Wut
Ich vermisse meine Freunde,Traurigkeit
Das ist die beste Nachricht des Jahres unglaublich,Freude
Ich habe Zweifel ziemlich,Angst
Die Nachricht hat mich begeistert extrem,Freude
Mir geht es heute schlecht wirklich,Traurigkeit
Ich habe die Nase voll wirklich,Wut
Der Zug fährt pünktlich ab unglaublich,Neutral
Mir ist ganz mulmig extrem,Angst
Heute bin ich voller Energie extrem,Freude
Ich könnte vor Freude springen unglaublich,Freude
Ich bin bedrückt,Traurigkeit
Ich fürchte mich vor dem Ergebnis sehr,Angst
Ich bin erleichtert und glücklich ziemlich,Freude
Das geht gar nicht extrem,Wut
Ich könnte ausrasten sehr,Wut
Ich mache mir große Sorgen wirklich,Angst
Mein Projekt war erfolgreich sehr,Freude
Heute habe ich mehrere Termine extrem,Neutral
Ich fühle mich unsicher sehr,Angst
Das Meeting beginnt um zehn Uhr wirklich,Neutral
Ich habe Angst vor der Zukunft unglaublich,Angst
Ich habe die Prüfung bestanden ziemlich,Freude
Mein Projekt war erfolgreich extrem,Freude
Ich bin angespannt ziemlich,Angst
Alles erscheint sinnlos wirklich,Traurigkeit
Ich bin stolz auf meine Leistung wirklich,Freude
Das Fenster ist geöffnet ziemlich,Neutral
Das Paket ist angekommen extrem,Neutral
So ein Unsinn unglaublich,Wut
Ich bin richtig verärgert sehr,Wut
Endlich habe ich mein Ziel erreicht wirklich,Freude
Ich bin außer mir vor Wut extrem,Wut
Mein Team hat gewonnen ziemlich,Freude
Der Supermarkt hat geöffnet extrem,Neutral
Ich trinke einen Kaffee ziemlich,Neutral
Ich bin bedrückt unglaublich,Traurigkeit
Ich bin richtig verärgert extrem,Wut
Ich fürchte mich vor dem Ergebnis sehr,Angst
Das tut weh sehr,Traurigkeit
Ich bin enttäuscht und wütend unglaublich,Wut
Ich bin außer mir vor Wut extrem,Wut
Ich bereite das Abendessen vor unglaublich,Neutral
Ich fühle mich großartig ziemlich,Freude
Ich habe die Prüfung bestanden sehr,Freude
Ich fühle mich einsam wirklich,Traurigkeit
Ich bin stolz auf meine Leistung,Freude
Das bringt mich auf die Palme extrem,Wut
Ich sitze am Schreibtisch ziemlich,Neutral
Ich fühle mich großartig unglaublich,Freude
Ich bin angespannt,Angst
Ich bin frustriert wirklich,Wut
Mir geht es heute schlecht sehr,Traurigkeit
Ich hasse solche Situationen,Wut
Heute ist ein fantastischer Tag wirklich,Freude
Heute ist Montag wirklich,Neutral
Ich bin am Boden zerstört,Traurigkeit
Heute ist Montag unglaublich,Neutral
Ich habe Angst vor morgen sehr,Angst
Ich bin beunruhigt ziemlich,Angst
Mir geht es heute schlecht,Traurigkeit
Das macht mich unglaublich froh unglaublich,Freude
Das macht mich zufrieden wirklich,Freude
Das macht mich wütend extrem,Wut
Das Meeting beginnt um zehn Uhr ziemlich,Neutral
Ich könnte weinen extrem,Traurigkeit
Heute fällt mir alles schwer extrem,Traurigkeit
Ich arbeite heute im Homeoffice ziemlich,Neutral
Heute bin ich voller Energie sehr,Freude
Ich habe die Nase voll wirklich,Wut
Ich fühle mich allein unglaublich,Traurigkeit
Das macht mich nervös wirklich,Angst
Mir fehlt die Motivation ziemlich,Traurigkeit
Heute ist ein fantastischer Tag sehr,Freude
Ich habe die Prüfung bestanden extrem,Freude
Ich hasse solche Situationen wirklich,Wut
So etwas akzeptiere ich nicht extrem,Wut
Ich bin enttäuscht wirklich,Traurigkeit
Ich bereite das Abendessen vor extrem,Neutral
Mein Team hat gewonnen,Freude
Mein Projekt war erfolgreich ziemlich,Freude
Das macht mich traurig extrem,Traurigkeit
Ich fühle mich allein sehr,Traurigkeit
Ich bin erleichtert und glücklich,Freude
Ich bin enttäuscht und wütend extrem,Wut
Heute fällt mir alles schwer wirklich,Traurigkeit
Das belastet mich unglaublich,Traurigkeit
Ich fühle mich verloren extrem,Traurigkeit
Ich fühle mich leer wirklich,Traurigkeit
Das Dokument wurde gespeichert wirklich,Neutral
Ich fühle mich unsicher unglaublich,Angst
Ich gehe später spazieren sehr,Neutral
Endlich habe ich mein Ziel erreicht unglaublich,Freude
Ich fahre zur Arbeit wirklich,Neutral
Heute bin ich voller Energie ziemlich,Freude
Ich arbeite heute im Homeoffice extrem,Neutral
Das macht mich zufrieden unglaublich,Freude
Heute ist ein fantastischer Tag ziemlich,Freude
Ich fühle mich unsicher sehr,Angst
Endlich habe ich mein Ziel erreicht unglaublich,Freude
Das Dokument wurde gespeichert extrem,Neutral
Heute habe ich mehrere Termine,Neutral
Ich fühle mich unsicher ziemlich,Angst
Der Computer startet gerade ziemlich,Neutral
Ich mache mir große Sorgen,Angst
Ich habe die Nase voll unglaublich,Wut
Das belastet mich ziemlich,Traurigkeit
Ich lese ein Buch unglaublich,Neutral
Das regt mich unglaublich auf wirklich,Wut
Ich bin sehr glücklich sehr,Freude
Der Computer startet gerade ziemlich,Neutral
Mir ist ganz mulmig unglaublich,Angst
Der Computer startet gerade extrem,Neutral
So ein Unsinn wirklich,Wut
Das regt mich unglaublich auf wirklich,Wut
Das macht mich unglaublich froh wirklich,Freude
Ich bereite das Abendessen vor extrem,Neutral
Ich ärgere mich darüber wirklich,Wut
Das verunsichert mich ziemlich,Angst
Ich bereite das Abendessen vor extrem,Neutral
Ich arbeite heute im Homeoffice,Neutral
Ich bin traurig über die Nachricht extrem,Traurigkeit
Der Zug fährt pünktlich ab sehr,Neutral
Mein Team hat gewonnen unglaublich,Freude
Ich arbeite heute im Homeoffice ziemlich,Neutral
Das Fenster ist geöffnet sehr,Neutral
Ich habe Angst zu versagen sehr,Angst
Ich bereite das Abendessen vor ziemlich,Neutral
Ich trinke einen Kaffee,Neutral
Ich fühle mich bedroht unglaublich,Angst
Ich bereite das Abendessen vor ziemlich,Neutral
Ich habe endlich eine Lösung gefunden ziemlich,Freude
Ich fahre zur Arbeit unglaublich,Neutral
Heute bin ich voller Energie sehr,Freude
Heute ist Montag extrem,Neutral
Der Supermarkt hat geöffnet wirklich,Neutral
Heute fällt mir alles schwer sehr,Traurigkeit
Mein Projekt war erfolgreich extrem,Freude
Das regt mich unglaublich auf sehr,Wut
Ich fühle mich leer extrem,Traurigkeit
Ich genieße diesen Moment wirklich,Freude
Ich bin nervös wegen der Prüfung extrem,Angst
Das macht mir Sorgen extrem,Angst
Heute fällt mir alles schwer,Traurigkeit
Ich bin ängstlich unglaublich,Angst
Ich fühle mich einsam,Traurigkeit
Das tut weh sehr,Traurigkeit
Mein Projekt war erfolgreich sehr,Freude
Ich bin stolz auf meine Leistung ziemlich,Freude
Heute bin ich voller Energie ziemlich,Freude
Ich habe Angst vor morgen unglaublich,Angst
Heute habe ich mehrere Termine unglaublich,Neutral
Das ist absolut unfair sehr,Wut
Ich bin enttäuscht unglaublich,Traurigkeit
Der Zug fährt pünktlich ab extrem,Neutral
Ich bin unglücklich sehr,Traurigkeit
Ich freue mich riesig auf den Urlaub sehr,Freude
Heute ist Montag extrem,Neutral
Das macht mich unglaublich froh unglaublich,Freude
Ich habe ein ungutes Gefühl extrem,Angst
Ich bin enttäuscht unglaublich,Traurigkeit
So etwas akzeptiere ich nicht wirklich,Wut
Ich bin enttäuscht und wütend unglaublich,Wut
Mir fehlt die Motivation ziemlich,Traurigkeit
Ich fühle mich bedroht wirklich,Angst
Mir geht es heute schlecht unglaublich,Traurigkeit
Ich bin bedrückt extrem,Traurigkeit
Der Termin wurde verschoben ziemlich,Neutral
Ich bin richtig verärgert sehr,Wut
Das macht mich traurig,Traurigkeit
Warum passiert so etwas immer wieder wirklich,Wut
Das macht mir Sorgen ziemlich,Angst
Heute bin ich voller Energie,Freude
Ich fühle mich einsam extrem,Traurigkeit
Heute bin ich niedergeschlagen,Traurigkeit
Das Wetter ist bewölkt wirklich,Neutral
Ich habe Zweifel,Angst
Das Wetter ist bewölkt sehr,Neutral
Ich mache mir große Sorgen extrem,Angst
Ich fühle mich großartig extrem,Freude
Ich fühle mich großartig sehr,Freude
Ich fühle mich verloren,Traurigkeit
Die Lampe ist eingeschaltet ziemlich,Neutral
Ich bin bedrückt unglaublich,Traurigkeit
Ich bin enttäuscht ziemlich,Traurigkeit
Ich bin außer mir vor Wut wirklich,Wut
Das verunsichert mich unglaublich,Angst
Ich hasse solche Situationen sehr,Wut
Ich bin erleichtert und glücklich extrem,Freude
Ich habe die Prüfung bestanden sehr,Freude
Ich arbeite heute im Homeoffice unglaublich,Neutral
Ich fühle mich allein extrem,Traurigkeit
Ich fühle mich großartig wirklich,Freude
Der Computer startet gerade ziemlich,Neutral
Mein Team hat gewonnen sehr,Freude
Ich fühle mich allein ziemlich,Traurigkeit
Das geht gar nicht sehr,Wut
Warum passiert so etwas immer wieder wirklich,Wut
Ich habe Angst vor morgen,Angst
Ich habe die Prüfung bestanden extrem,Freude
Ich bin erleichtert und glücklich unglaublich,Freude
Das ist absolut unfair sehr,Wut
Mir ist ganz mulmig ziemlich,Angst
Das macht mich wütend wirklich,Wut
Das macht mir Sorgen sehr,Angst
Die Lampe ist eingeschaltet ziemlich,Neutral
Ich bin unglücklich extrem,Traurigkeit
Ich fahre zur Arbeit sehr,Neutral
Ich trinke einen Kaffee unglaublich,Neutral
Das Wetter ist bewölkt sehr,Neutral
Ich habe die Prüfung bestanden sehr,Freude
Ich vermisse meine Freunde sehr,Traurigkeit
Ich habe Angst vor morgen unglaublich,Angst
Ich fühle mich einsam wirklich,Traurigkeit
Das hat mich verletzt,Traurigkeit
Ich bin bedrückt extrem,Traurigkeit
Das Paket ist angekommen unglaublich,Neutral
Ich bin stinksauer unglaublich,Wut
Heute bin ich niedergeschlagen unglaublich,Traurigkeit
Das Paket ist angekommen sehr,Neutral
Heute fällt mir alles schwer sehr,Traurigkeit
Heute ist Montag sehr,Neutral
Das Paket ist angekommen wirklich,Neutral
Mir geht es heute schlecht ziemlich,Traurigkeit
Ich lese ein Buch ziemlich,Neutral
Ich bin unglücklich,Traurigkeit
Das ist unerträglich sehr,Wut
Das Dokument wurde gespeichert ziemlich,Neutral
Ich habe Angst zu versagen wirklich,Angst
Ich bin richtig verärgert ziemlich,Wut
Ich gehe einkaufen extrem,Neutral
Ich fürchte mich vor dem Ergebnis extrem,Angst
Was passiert wenn etwas schiefgeht sehr,Angst
Mein Projekt war erfolgreich sehr,Freude
Alles erscheint sinnlos extrem,Traurigkeit
Ich könnte ausrasten sehr,Wut
Das Fenster ist geöffnet extrem,Neutral
Ich fühle mich allein sehr,Traurigkeit
Das tut weh wirklich,Traurigkeit
Ich ärgere mich darüber wirklich,Wut
Ich gehe später spazieren wirklich,Neutral
Der Zug fährt pünktlich ab unglaublich,Neutral
Ich könnte ausrasten unglaublich,Wut
Ich fühle mich einsam ziemlich,Traurigkeit
Das tut weh extrem,Traurigkeit
Das ist eine Frechheit unglaublich,Wut
Heute bin ich niedergeschlagen sehr,Traurigkeit
Das macht mir Sorgen,Angst
Der Termin wurde verschoben unglaublich,Neutral
Ich bin traurig über die Nachricht unglaublich,Traurigkeit
Das bringt mich auf die Palme extrem,Wut
So etwas akzeptiere ich nicht unglaublich,Wut
Mir fehlt die Motivation sehr,Traurigkeit
Mir geht es heute schlecht unglaublich,Traurigkeit
Ich vermisse meine Freunde sehr,Traurigkeit
Ich habe die Nase voll unglaublich,Wut
Ich ärgere mich darüber unglaublich,Wut
Das ist unerträglich extrem,Wut
Das regt mich unglaublich auf ziemlich,Wut
Der Computer startet gerade unglaublich,Neutral
Ich gehe einkaufen wirklich,Neutral
Ich bin angespannt sehr,Angst
Ich bin außer mir vor Wut extrem,Wut
Ich habe Angst zu versagen ziemlich,Angst
Ich vermisse meine Freunde sehr,Traurigkeit
Ich gehe später spazieren sehr,Neutral
Ich sitze am Schreibtisch extrem,Neutral
Ich fahre zur Arbeit wirklich,Neutral
Das macht mich traurig unglaublich,Traurigkeit
Ich arbeite heute im Homeoffice unglaublich,Neutral
Heute ist Montag unglaublich,Neutral
Heute bin ich niedergeschlagen wirklich,Traurigkeit
Der Zug fährt pünktlich ab sehr,Neutral
Ich habe Zweifel unglaublich,Angst
Der Computer startet gerade unglaublich,Neutral
Ich fühle mich bedroht wirklich,Angst
Ich bin am Boden zerstört unglaublich,Traurigkeit
Heute läuft alles perfekt unglaublich,Freude
Das macht mich wütend unglaublich,Wut
Alles erscheint sinnlos sehr,Traurigkeit
Heute bin ich voller Energie sehr,Freude
Das bereitet mir Kopfzerbrechen ziemlich,Angst
Das macht mich unglaublich froh unglaublich,Freude
Ich weiß nicht was passieren wird,Angst
Das macht mich zufrieden,Freude
Ich bin enttäuscht extrem,Traurigkeit
Der Termin wurde verschoben,Neutral
Ich arbeite heute im Homeoffice unglaublich,Neutral
Der Zug fährt pünktlich ab sehr,Neutral
Heute habe ich mehrere Termine unglaublich,Neutral
Ich bin bedrückt ziemlich,Traurigkeit
Das ist die beste Nachricht des Jahres unglaublich,Freude
Das macht mich nervös sehr,Angst
Das macht mich wütend,Wut
Mir fehlt die Motivation unglaublich,Traurigkeit
Ich fühle mich bedroht ziemlich,Angst
Alles erscheint sinnlos,Traurigkeit
Das verunsichert mich,Angst
Ich habe Zweifel sehr,Angst
Das Wetter ist bewölkt extrem,Neutral
Das ist absolut unfair ziemlich,Wut
Ich bin frustriert sehr,Wut
Ich bin am Boden zerstört ziemlich,Traurigkeit
Ich bin frustriert extrem,Wut
Ich bin unglücklich sehr,Traurigkeit
Der Zug fährt pünktlich ab unglaublich,Neutral
Ich bin stinksauer sehr,Wut
Ich freue mich riesig auf den Urlaub sehr,Freude
Ich bin unglücklich sehr,Traurigkeit
Heute bin ich niedergeschlagen sehr,Traurigkeit
Ich sitze am Schreibtisch wirklich,Neutral
Das macht mich traurig unglaublich,Traurigkeit
Ich bin bedrückt sehr,Traurigkeit
Ich weiß nicht was passieren wird unglaublich,Angst
Ich fühle mich verloren wirklich,Traurigkeit
Ich fühle mich leer ziemlich,Traurigkeit
Das ist die beste Nachricht des Jahres ziemlich,Freude
Heute ist Montag ziemlich,Neutral
Ich fühle mich verloren extrem,Traurigkeit
Ich fühle mich bedroht sehr,Angst
Ich habe Angst vor morgen sehr,Angst
Ich habe Angst zu versagen extrem,Angst
Endlich habe ich mein Ziel erreicht extrem,Freude
Das macht mich unglaublich froh sehr,Freude
Das hat mich verletzt extrem,Traurigkeit
Ich trinke einen Kaffee unglaublich,Neutral
Das ist absolut unfair,Wut
Das erfüllt mich mit Freude wirklich,Freude
Ich bin sehr glücklich unglaublich,Freude
Das Wetter ist bewölkt,Neutral
Ich könnte ausrasten,Wut
Ich mache mir große Sorgen ziemlich,Angst
Das hat mich verletzt unglaublich,Traurigkeit
Ich ärgere mich darüber unglaublich,Wut
Ich habe die Nase voll ziemlich,Wut
Das macht mir Sorgen unglaublich,Angst
Das tut weh wirklich,Traurigkeit
Ich bin frustriert ziemlich,Wut
Ich habe Angst vor der Zukunft ziemlich,Angst
Was passiert wenn etwas schiefgeht extrem,Angst
Das erfüllt mich mit Freude extrem,Freude
Die Nachricht hat mich begeistert wirklich,Freude
Ich bin angespannt sehr,Angst
Heute bin ich niedergeschlagen extrem,Traurigkeit
Ich habe die Prüfung bestanden wirklich,Freude
Das Dokument wurde gespeichert wirklich,Neutral
Das bereitet mir Kopfzerbrechen,Angst
Ich trinke einen Kaffee sehr,Neutral
Ich bereite das Abendessen vor extrem,Neutral
Die Nachricht hat mich begeistert wirklich,Freude
Ich gehe einkaufen unglaublich,Neutral
Heute ist ein fantastischer Tag ziemlich,Freude
Heute bin ich voller Energie unglaublich,Freude
Endlich habe ich mein Ziel erreicht,Freude
Was passiert wenn etwas schiefgeht ziemlich,Angst
Ich ärgere mich darüber extrem,Wut
Ich bin erleichtert und glücklich ziemlich,Freude
Ich bin unglücklich ziemlich,Traurigkeit
Ich bin stinksauer unglaublich,Wut
Ich bin am Boden zerstört ziemlich,Traurigkeit
Ich bin stolz auf meine Leistung sehr,Freude
Ich lese ein Buch ziemlich,Neutral
Das macht mich aggressiv wirklich,Wut
Mir fehlt die Motivation extrem,Traurigkeit
Das belastet mich ziemlich,Traurigkeit
Ich fühle mich verloren extrem,Traurigkeit
Warum passiert so etwas immer wieder sehr,Wut
Ich bin traurig über die Nachricht unglaublich,Traurigkeit
So etwas akzeptiere ich nicht sehr,Wut
Ich fühle mich verloren unglaublich,Traurigkeit
Das verunsichert mich wirklich,Angst
Ich habe ein ungutes Gefühl sehr,Angst
Der Supermarkt hat geöffnet unglaublich,Neutral
Ich gehe einkaufen ziemlich,Neutral
Das Fenster ist geöffnet unglaublich,Neutral
Ich bin richtig verärgert ziemlich,Wut
Das ist absolut unfair wirklich,Wut
Ich habe endlich eine Lösung gefunden extrem,Freude
Ich habe Zweifel unglaublich,Angst
Ich fühle mich verloren unglaublich,Traurigkeit
Ich habe Angst vor morgen unglaublich,Angst
Ich bin traurig über die Nachricht ziemlich,Traurigkeit
Ich bin angespannt ziemlich,Angst
Das Meeting beginnt um zehn Uhr extrem,Neutral
Das hat mich verletzt unglaublich,Traurigkeit
Ich genieße diesen Moment unglaublich,Freude
Das macht mich nervös unglaublich,Angst
Das ist unerträglich ziemlich,Wut
Ich freue mich riesig auf den Urlaub extrem,Freude
Die Lampe ist eingeschaltet extrem,Neutral
Ich gehe später spazieren extrem,Neutral
Das macht mich nervös extrem,Angst
Heute läuft alles perfekt,Freude
Das ist absolut unfair sehr,Wut
Das macht mich unglaublich froh extrem,Freude
Das hat mich verletzt ziemlich,Traurigkeit
Ich habe Angst zu versagen extrem,Angst
Ich bin nervös wegen der Prüfung unglaublich,Angst
Ich habe ein ungutes Gefühl ziemlich,Angst
So ein Unsinn extrem,Wut
Das ist die beste Nachricht des Jahres unglaublich,Freude
Das macht mich aggressiv sehr,Wut
Der Termin wurde verschoben wirklich,Neutral
Das macht mich nervös unglaublich,Angst
Ich bin außer mir vor Wut extrem,Wut
Das hat mich verletzt unglaublich,Traurigkeit
Das macht mich wütend sehr,Wut
Heute ist ein fantastischer Tag extrem,Freude
Das ist eine Frechheit ziemlich,Wut
Ich fühle mich allein,Traurigkeit
Das ist unerträglich extrem,Wut
Das geht gar nicht ziemlich,Wut
Ich habe endlich eine Lösung gefunden extrem,Freude
Der Zug fährt pünktlich ab,Neutral
Der Supermarkt hat geöffnet wirklich,Neutral
Heute bin ich niedergeschlagen ziemlich,Traurigkeit
Ich gehe einkaufen sehr,Neutral
Ich mache mir große Sorgen extrem,Angst
Ich gehe später spazieren,Neutral
Ich habe Angst zu versagen wirklich,Angst
Ich trinke einen Kaffee sehr,Neutral
Das macht mich wütend wirklich,Wut
Das macht mich nervös sehr,Angst
Ich lese ein Buch unglaublich,Neutral
Das macht mich nervös extrem,Angst
Ich fühle mich leer ziemlich,Traurigkeit
Ich bin erleichtert und glücklich wirklich,Freude
Ich fühle mich einsam sehr,Traurigkeit
Alles erscheint sinnlos wirklich,Traurigkeit
Ich bin angespannt sehr,Angst
Ich fühle mich leer ziemlich,Traurigkeit
Ich fühle mich unsicher,Angst
Ich bin stolz auf meine Leistung extrem,Freude
Ich bin angespannt extrem,Angst
Das macht mich nervös,Angst
Ich arbeite heute im Homeoffice unglaublich,Neutral
Mir fehlt die Motivation unglaublich,Traurigkeit
So etwas akzeptiere ich nicht sehr,Wut
Ich bin sehr glücklich unglaublich,Freude
Das ist eine Frechheit extrem,Wut
Ich habe ein ungutes Gefühl unglaublich,Angst
Ich habe endlich eine Lösung gefunden,Freude
Das geht gar nicht wirklich,Wut
Der Computer startet gerade wirklich,Neutral
Mein Team hat gewonnen wirklich,Freude
Das ist unerträglich sehr,Wut
Heute ist Montag sehr,Neutral
Das macht mir Sorgen unglaublich,Angst
Was passiert wenn etwas schiefgeht unglaublich,Angst
Ich bin außer mir vor Wut extrem,Wut
Ich bin unglücklich wirklich,Traurigkeit
Ich bin enttäuscht und wütend unglaublich,Wut
Ich könnte weinen extrem,Traurigkeit
Das erfüllt mich mit Freude,Freude
Ich könnte weinen extrem,Traurigkeit
Ich lese ein Buch ziemlich,Neutral
Das ist die beste Nachricht des Jahres wirklich,Freude
Ich ärgere mich darüber ziemlich,Wut
Heute läuft alles perfekt unglaublich,Freude
Ich habe ein ungutes Gefühl extrem,Angst
Das macht mich aggressiv,Wut
Ich bin stinksauer unglaublich,Wut
Das verunsichert mich extrem,Angst
Ich habe die Prüfung bestanden wirklich,Freude
Das macht mich traurig unglaublich,Traurigkeit
Ich bin sehr glücklich,Freude
Ich bin traurig über die Nachricht,Traurigkeit
Ich könnte vor Freude springen ziemlich,Freude
Ich genieße diesen Moment extrem,Freude
Das geht gar nicht,Wut
Das Fenster ist geöffnet,Neutral
Mir ist ganz mulmig wirklich,Angst
Ich genieße diesen Moment extrem,Freude
